編號,語別,詞語,語源,義項,詞類,等級,翻譯,分類,近義詞,反義詞,相關詞,附註
80001,27,a’ase,,3270232,名,U,螃蟹,07動物(含昆蟲),,,,
80002,27,aba,,3270701,動,U,揹(人),26肢體動作,,,80998,
80003,27,ababay,PAN30164,3270112,名,B,女性,05人物、身分,,80779,,
80004,27,ababiraw,,3270236,名,S,蝙蝠,07動物(含昆蟲),,,,
80005,27,ababong,,3270241,名,S,螞蟻,07動物(含昆蟲),,,,
80006,27,abera,JPN10,3270585,名,U,油,21食物(非植物),,,,
80007,27,abilrili,,3270628,動,B,遲到,24抽象名詞,,,,
80008,27,abo,PAN27554,3270357,名,S,木炭灰,09物品(不含食品),,,,
80009,27,’acaciboko,,3271020,動,U,混以某物,34其他,,,,
80010,27,’acase,,3270309,名,B,書,09物品(不含食品),,,,
80011,27,’acay,PAN24773,3270907,動,U,死亡,31生老病死傷,,80999,,
80012,27,acilay,,3270577,名,B,水,21食物(非植物),,,,
80013,27,’acoga,,3270622,名,U,意義,24抽象名詞,,,,
80014,27,’acolro,,3270161,名,I,膝蓋,06身體部位,,,,
80015,27,acongolo,,3270465,動,I,接續,13時間,,,,
80016,27,’adali,,3270664,動,S,趕上,25行動,,,,
80017,27,’adalro,,3270477,副,S,一下子,13時間,,,,
80018,27,’adavace,,3270648,動,S,趕走,25行動,,,,
80018,27,’adavace,,3270869,動,U,將水排出(疏減),30生活作息,,,,
80019,27,’ado,PAN32879,3270169,名,U,膽囊,06身體部位,,,,
80020,27,adreme,,3270374,名,S,鐵釘,09物品(不含食品),,,,
80021,27,adring,,3270485,名,I,裡面,14空間,,80439,,
80022,27,’aeene,PAN30815,3270518,名,S,餌,16狩獵,,,,
80023,27,aga,,3270576,名,B,飯,21食物(非植物),,,,
80024,27,’agai,,3270590,名,I,穀粒,21食物(非植物),,,,
80025,27,agane,,3270092,名,S,孫子/孫女；子孫子嗣,04親屬稱謂,,,,
80026,27,’agay,PAN30474,3270253,名,I,稻穀,08植物,,,,
80027,27,agi,,3270101,,B,(弟弟；妹妹)通稱,04親屬稱謂,,,,
80028,27,agi ka ababay,,3270103,,B,妹妹,04親屬稱謂,,,,
80029,27,agi ka sawalay,,3270102,,B,弟弟,04親屬稱謂,,,,
80030,27,agoco,,3270726,,S,拔除,26肢體動作,,,,
80031,27,ahowa,,3271065,,S,足夠,36助詞或其他,,,,
80032,27,ahwahwa,,3270995,,U,正確,32特徵,,,,
80033,27,’aidi,,3270751,,S,豎立,26肢體動作,,,,
80034,27,’a’idrengere,,3271030,,U,煞車,34其他,,,,
80035,27,ai’ithirolo,,3270893,,U,尿急,30生活作息,,,,
80036,27,aikela,,3270674,,B,要來,25行動,,,,
80037,27,airang,,3270124,,I,閩南人,05人物、身分,,,,
80038,27,airo’a,,3270579,,I,菜餚,21食物(非植物),,,,
80039,27,’aiso,SPA11,3270310,,B,錢,09物品(不含食品),,,,
80040,27,aivigivigi,,3270529,,U,巫術,17宗教,,,,
80041,27,’a’iya,,3270660,,I,走(向某個方向),25行動,,,,
80042,27,’akame,,3270863,,I,烤(如烤地瓜),30生活作息,,,,
80043,27,’akameale,,3270872,,S,晾乾,30生活作息,,,,
80044,27,akanekanea ka madro,80346+80536,3270275,,U,水果,08植物,,,,
80045,27,akase,,3271064,,S,立即,36助詞或其他,,,,
80046,27,akece,PAN29923,3270210,,S,山羌,07動物(含昆蟲),,,,
80047,27,’akela,,3270499,,I,到某處,14空間,,,,
80047,27,’akela,,3270642,,I,抵達,25行動,,,,
80048,27,alalingo,PAN27016,3270421,,I,影子,11自然景觀,,,,
80049,27,alalobay,,3270203,,I,蟲(統稱),07動物(含昆蟲),,,,
80050,27,’alang,,3270623,,S,結婚,24抽象名詞,,,,
80051,27,alay,,3270556,,S,揹小孩的背帶,18織布服飾,,,,
80052,27,’aledra,,3270874,,S,照起來／照明,30生活作息,,,,
80053,27,alibaebang,PAN27606,3270213,,S,蝴蝶,07動物(含昆蟲),,,,
80054,27,’along,,3270343,,U,飯鍋,09物品(不含食品),,,,
80055,27,’alraingi,,3271060,,S,隨意,36助詞或其他,,,,
80056,27,alralregele,,3270220,,I,蒼蠅,07動物(含昆蟲),,,,
80057,27,’alrayngi,,3270783,,B,隨意,26肢體動作,,,,
80058,27,’alreme,80569,3270513,,U,催熟(果實),15農耕,,,,
80059,27,’alribate,,3270651,,S,讓開,25行動,,,,
80059,27,’alribate,,3271028,,S,超過,34其他,,,,
80060,27,’alridring,,3270570,,S,腳踏車,20交通,,,,
80061,27,alrima,PAN32003,3270138,,B,手,06身體部位,,,,
80062,27,alrisa’esa’e,,3270398,,U,岩石,10山川地理,,,,
80063,27,alrivadrang,,3270150,,I,肩膀,06身體部位,,,,
80064,27,alronaini,,3270545,,I,腰帶,18織布服飾,,,,
80065,27,alrono,,3270315,,B,椅子,09物品(不含食品),,,,
80065,27,alrono,,3270372,,I,枕頭,09物品(不含食品),,,,
80066,27,amani,,3271088,,B,嗎(用在問句),36助詞或其他,,,,
80067,27,amani ino,,3270077,,B,什麼地方,03疑問詞,,,,
80068,27,’ami,,3270342,,U,網子,09物品(不含食品),,,,
80069,27,amoli,,3270910,,S,遺失,31生老病死傷,,,,
80070,27,amwanga,,3270676,,B,去了,25行動,,,,
80071,27,anea,,3270070,,B,誰,03疑問詞,,,,
80072,27,aneanea,,3270071,,B,哪一個,03疑問詞,,,,
80073,27,angato,,3270254,,U,樹,08植物,,,,
80074,27,angatongato,80073,3270388,,I,森林,10山川地理,,,,
80075,27,angeale,,3270703,,I,扛,26肢體動作,,,,
80076,27,angidrakale,,3270847,,B,起床,30生活作息,,,,
80077,27,angitokadre,,3271029,,U,崩落,34其他,,,,
80078,27,angivale,,3270039,,S,一次,01數字計量,,,,
80079,27,angodrale,PAN27380,3270270,,U,鳳梨,08植物,,,,
80080,27,angolringaw,,3270813,,U,感覺,28認知感官,,,,
80081,27,’angolro,,3270373,,U,鐵鎚,09物品(不含食品),,,,
80082,27,ani’alay,,3270640,,I,飛,25行動,,,,
80083,27,anilralrang,,3270997,,I,慢慢,32特徵,,,,
80084,27,aniyaomasa,80705,3271006,,B,英俊,32特徵,,,,
80084,27,aniyaomasa,80705,3270981,,S,壯碩,32特徵,,,,
80085,27,a’oy,PAN28117,3270418,,I,火,11自然景觀,,,,
80086,27,arabe,,3270707,,I,抱著,26肢體動作,,,,
80087,27,arakai,,3271016,,U,使用,34其他,,,,
80088,27,’araramaw,,3270045,,I,一半,01數字計量,,,,
80089,27,aray,,3270377,,I,魚網,09物品(不含食品),,,,
80090,27,’aridi,PAN30995,3270235,,S,翅膀,07動物(含昆蟲),,,,
80091,27,asabalriya,,3270586,,U,味道,21食物(非植物),,,,
80092,27,’asabo,,3270408,,I,雪,11自然景觀,,,,
80092,27,’asabo,,3270419,,S,冰,11自然景觀,,,,
80092,27,’asabo,,3270423,,U,霜,11自然景觀,,,,
80093,27,’asatedra,,3271035,,S,剩下,34其他,,,,
80094,27,asi,,3270079,,B,為什麼,03疑問詞,,,,
80095,27,asi’i,PAN30002,3271042,,I,數(計算),34其他,,,,
80096,27,’asikaolo,,3271013,,S,使喚,33助動詞,,,,
80097,27,asiloiya,,3271062,,I,因為,36助詞或其他,,,,
80098,27,asolro,PAN27645,3270325,,I,木杵,09物品(不含食品),,,,
80099,27,’asoro,,3271026,,S,留下,34其他,,,,
80100,27,atatabang,,3270211,,S,蟑螂,07動物(含昆蟲),,,,
80101,27,atatimalaw,,3270218,,S,蚊子,07動物(含昆蟲),,,,
80102,27,atatolrale,,3270225,,I,蚯蚓,07動物(含昆蟲),,,,
80103,27,’atenga,,3271058,,B,真的,36助詞或其他,,,,
80104,27,athang,,3270610,,S,狗吠,23聲音,,,,
80105,27,athay,PAN27555,3270164,,I,肝臟,06身體部位,,,,
80106,27,’athingathingale,80898,3270827,,S,教(如教人寫字),28認知感官,,,,
80107,27,ati,,3270156,,U,女性生殖器,06身體部位,,,,
80108,27,atodralro,,3270824,,S,交代(事情),28認知感官,,,,
80109,27,’atong,,3270900,,I,點火,30生活作息,,,,
80110,27,’atwanaw,,3271037,,I,開始,34其他,,,,
80111,27,avava,,3270158,,I,心臟,06身體部位,,,,
80112,27,avelevele,,3270742,,U,振動,26肢體動作,,,,
80113,27,aw’awko,,3270251,,S,蚱蜢,07動物(含昆蟲),,,,
80114,27,awlro,PAN27867,3270136,,B,頭,06身體部位,,,,
80115,27,aydri,,3270773,,I,招手,26肢體動作,,,,
80116,27,azazame,PAN27687,3270192,,B,鳥,07動物(含昆蟲),,,,
80117,27,baa,PAN25147,3270157,,I,肺,06身體部位,,,,
80117,27,baa,,3270230,,S,馬,07動物(含昆蟲),,,,
80118,27,baase,,3270569,,U,公車,20交通,,,,
80119,27,babalra,,3270533,,I,鬼魂,17宗教,,,,
80120,27,babiyabila ladreke,,3270427,,S,海邊,11自然景觀,,,,
80121,27,baboy,PAN24981,3270201,,U,山豬,07動物(含昆蟲),,,,
80122,27,baeke,,3270178,,S,鼻涕,06身體部位,,,,
80123,27,bakale,,3270520,,U,獵刀,16狩獵,,,,
80124,27,bakisiyo,,3270894,,U,量測,30生活作息,,,,
80125,27,bakway,,3270292,,S,山藥,08植物,,,,
80126,27,balace,,3270279,,S,樹根,08植物,,,,
80127,27,balebale,,3270265,,U,竹子,08植物,,,,
80128,27,bali,,3270293,,U,檜木,08植物,,,,
80129,27,balrako,,3270568,,S,圓形竹簍,19傳統文化與習俗,,,,
80130,27,balre,,3270704,,I,翻動,26肢體動作,,,,
80131,27,balrenga,,3270881,,U,醃漬(祈使),30生活作息,,,,
80132,27,balrilawlaw,,3270429,,B,彩虹,11自然景觀,,,,
80133,27,balrithi,,3270888,,I,替換(衣服),30生活作息,,,,
80134,27,balrotai,,3270646,,U,（物品）翻倒,25行動,,,,
80135,27,bangate,,3270009,數,B,九,01數字計量,,,,
80136,27,baowa,PAN25140,3270957,,I,新的,32特徵,,80611,,
80137,27,barang,PAN31164,3270147,,I,肚子,06身體部位,,,,
80138,27,barasolo,,3270399,,S,瀑布,10山川地理,,,,
80139,27,barici,,3270919,,U,疤,31生老病死傷,,,,
80140,27,baringiyalay,,3270280,,S,野百合,08植物,,,,
80141,27,barobarowa,,3270604,,U,紫色,22顏色,,,,
80142,27,barongolo,,3270390,,I,洞穴,10山川地理,,,,
80143,27,base,,3270587,,I,湯,21食物(非植物),,,,
80144,27,baseng,PAN30264,3270922,,S,打噴嚏,31生老病死傷,,,,
80145,27,batoko,,3270584,,I,蛋,21食物(非植物),,,,
80146,27,bava,,3270581,,S,酒,21食物(非植物),,,,
80147,27,bay,PAN25336,3270635,,I,給,25行動,,,,
80148,27,baza,,3270117,,S,敵人,05人物、身分,,,,
80149,27,bazo,,3270387,,S,湖泊,10山川地理,,,,
80150,27,be’a,,3270740,,S,剝(花生；豆類),26肢體動作,,,,
80151,27,beceng,PAN25250,3270593,,I,小米,21食物(非植物),,,,
80152,27,bekela,,3270940,,B,少的,32特徵,,80550,,
80152,27,bekela,,3270044,,S,一點點,01數字計量,,,,
80153,27,bekelay,,3270038,,U,一些,01數字計量,,,,
80154,27,belebele,PAN29894,3270252,,I,香蕉,08植物,,,,
80155,27,beleng,,3270487,,I,上面,14空間,,,,
80156,27,bena,,3270227,,U,土蜂,07動物(含昆蟲),,,,
80157,27,bengelray,,3270260,,U,花朵,08植物,,,,
80158,27,berathe,PAN25334,3270578,,U,白米,21食物(非植物),,,,
80159,27,bethebethe,,3270708,,U,吹,26肢體動作,,,,
80160,27,bibiya,PAN25515,3270185,,I,嘴唇,06身體部位,,,,
80161,27,bicoka,PAN25432,3270163,,I,胃,06身體部位,,,,
80162,27,bilibili,,3270719,,S,拉,26肢體動作,,,,
80162,27,bilibili,,3270779,,S,拉(上來),26肢體動作,,,,
80163,27,bitake,,3270721,,S,扯斷,26肢體動作,,,,
80164,27,biya,PAN25504,3270257,,I,葉子,08植物,,,,
80165,27,bo’a’e,,3270190,,B,羊,07動物(含昆蟲),,,,
80166,27,bobong,,3270600,,U,麵粉,21食物(非植物),,,,
80167,27,boboto,PAN25622,3270216,,S,松鼠,07動物(含昆蟲),,,,
80168,27,bokolo,,3270159,,U,手肘,06身體部位,,,,
80169,27,boo,PAN25775,3270515,,I,弓,16狩獵,,,,
80170,27,borarase,,3270605,,S,黃色,22顏色,,,,
80171,27,borasi,,3270307,,B,地瓜；甘藷,08植物,,,,
80172,27,botolo,,3270595,,S,豬肉,21食物(非植物),,,,
80173,27,bwate,,3270145,,I,肉,06身體部位,,,,
80174,27,caki,PAN25871,3270852,,S,大便,30生活作息,,,,
80175,27,calraviya,,3270440,,I,屋頂,12建築,,,,
80176,27,calringa,PAN25874,3270131,,B,耳朵,06身體部位,,,,
80177,27,caobo,,3270340,,U,棉被,09物品(不含食品),,,,
80178,27,cayli,PAN29898,3270481,,B,年；歲,13時間,,,,
80179,27,cebecebe,,3270650,,I,(植物)生長,25行動,,,,
80180,27,ceele,,3270806,,B,看,28認知感官,,,,
80180,27,ceele,,3270829,,U,觀察,28認知感官,,,,
80181,27,ce’era,,3270598,,S,在來米,21食物(非植物),,,,
80182,27,cekele,,3270615,,B,部落,24抽象名詞,,,,
80183,27,celra,,3270696,,S,折斷,26肢體動作,,,,
80184,27,ciboko,,3270734,,S,攪動,26肢體動作,,,,
80185,27,cicigiya,,3270768,,I,側臥,26肢體動作,,,,
80186,27,ciki’i,,3271014,,U,摺疊,34其他,,,,
80187,27,cilrake,,3270155,,S,男性生殖器,06身體部位,,,,
80188,27,cilri,,3271032,,S,丟棄,34其他,,,,
80189,27,coboso,PAN25894,3270256,,I,甘蔗,08植物,,,,
80190,27,colo,,3270851,,I,殺牲畜,30生活作息,,,,
80191,27,colrolo,,3270689,,S,刺,26肢體動作,,,,
80192,27,comay,PAN29900,3270209,,I,熊,07動物(含昆蟲),,,,
80193,27,cosa,,3270979,,S,故意,32特徵,,,,
80194,27,daane,,3270435,,B,家,12建築,,,,
80195,27,dadavace,,3270638,,B,走路,25行動,,,,
80195,27,dadavace,,3270662,,U,逛一逛,25行動,,,,
80196,27,dae,PAN25970,3270385,,I,泥土,10山川地理,,,,
80197,27,daedae,,3270489,,I,下面,14空間,,,,
80198,27,daikong,JPN13,3270589,,U,白蘿蔔,21食物(非植物),80747,,,
80199,27,daki’i,,3271019,,S,(有東西)附著,34其他,,,,
80200,27,dako’alre,,3270181,,S,腳掌,06身體部位,,,,
80201,27,dalramiya,,3270514,,U,稻草,15農耕,,,,
80202,27,dalrili,,3270358,,U,瓶子,09物品(不含食品),,,,
80203,27,dameke,,3270688,,S,打(人),26肢體動作,,,,
80204,27,dare’e,,3271040,,I,製作(物品),34其他,,,,
80205,27,davace,,3270639,,U,走(離開),25行動,,,,
80206,27,dawlo,,3270812,,U,邀請,28認知感官,,,,
80207,27,dayli,PAN29952,3270963,,S,遠,32特徵,,80208,,
80208,27,deethe,,3270959,,S,近,32特徵,,80207,,
80209,27,dekele,,3270180,,S,臀部,06身體部位,,,,
80210,27,dingding,,3270237,,U,蝸牛,07動物(含昆蟲),,,,
80211,27,dingki,JPN15,3270335,,U,電燈,09物品(不含食品),,,,
80212,27,direrele,,3270603,,B,紅色,22顏色,,,,
80213,27,dola,,3270162,,I,傷口,06身體部位,,,,
80214,27,domolo,,3270731,,S,堆積,26肢體動作,,,,
80215,27,domolo dae,,3270392,,S,土堆,10山川地理,,,,
80216,27,dona’isi,,3270761,,S,壓扁,26肢體動作,,,,
80217,27,dorase,,3270531,,S,祖靈祭,17宗教,,,,
80218,27,doray,,3270591,,S,糯米,21食物(非植物),,,,
80219,27,dra’ale,PAN30010,3270141,,B,腳,06身體部位,,,,
80220,27,drakale,,3271036,,S,設置,34其他,,,,
80221,27,drakerale,,3270386,,I,河流,10山川地理,,,,
80222,27,dralray,,3270682,,I,傳統舞（圍舞）,26肢體動作,,,,
80223,27,dralreke,,3270887,,U,掩埋,30生活作息,,,,
80224,27,dramare,PAN30618,3270404,,B,月亮,11自然景觀,,,,
80225,27,drangedrang,PAN30173,3271003,,B,炎熱,32特徵,,,,
80226,27,dra’olro,,3270166,,U,甲狀腺腫,06身體部位,,,,
80227,27,draydray,,3270176,,I,汗水,06身體部位,,,,
80228,27,dre’ete,,3270725,,S,按住,26肢體動作,,,,
80228,27,dre’ete,,3270735,,S,壓住,26肢體動作,,,,
80228,27,dre’ete,,3270756,,U,壓制,26肢體動作,,,,
80229,27,drelre,,3270313,,B,電話,09物品(不含食品),,,,
80230,27,drelreke,,3270152,,I,背部,06身體部位,,,,
80231,27,dreredrere,PAN26002,3270411,,I,雷,11自然景觀,,,,
80232,27,drilra,PAN30254,3270823,,S,舔,28認知感官,,,,
80233,27,drilreleme,,3270417,,S,陰天,11自然景觀,,,,
80234,27,dringelrese,,3270991,,U,直,32特徵,,,,
80235,27,drisisi,,3270763,,S,擦(如口紅；油漆),26肢體動作,,,,
80236,27,dromolo,,3270693,,I,推,26肢體動作,,,,
80237,27,drosa,PAN30558,3270002,數,B,二,01數字計量,,,,在 ma’osale「二十」，dr 轉為喉塞音 ’。
80238,27,drosa ka iday,,3270036,數,I,兩百,01數字計量,,,,
80239,27,ebelre,PAN27711,3270414,,S,煙,11自然景觀,,,,
80240,27,eca,PAN27712,3270599,,S,米糠,21食物(非植物),,,,
80241,27,ede,,3270184,,U,腎臟,06身體部位,,,,
80242,27,edreka,,3271002,,U,短,32特徵,,80617,,
80243,27,eea,,3270001,數,B,一,01數字計量,,,,在 anivale「一次」，eea 前方插入 v；在 mangeale「十」及 tangea「一(個人)」，則前方插入 ng。
80244,27,eea ka iday,,3270035,數,U,一百,01數字計量,,,,
80245,27,eene,,3270617,,B,是的,24抽象名詞,,,,
80245,27,eene,,3271061,,U,好的(沒問題),36助詞或其他,,,,
80246,27,"eene, si...",,3271087,,U,雖然,36助詞或其他,,,,
80247,27,’ekake,,3270840,,S,嚇一跳,29情緒思維,,,,
80248,27,’elaela,,3270814,,S,告訴(別人),28認知感官,,,,
80249,27,eleba,,3270629,,S,關上,25行動,,,,
80250,27,elebe,PAN27735,3270673,,B,關(門；窗),25行動,,,,
80251,27,emeeme,,3270413,,B,雲,11自然景觀,,,,
80252,27,’emi,JPN79,3270297,,U,梅子,08植物,,,,
80253,27,enay,PAN27733,3270384,,U,沙子,10山川地理,,,,
80254,27,eneme,PAN26107,3270006,數,B,六,01數字計量,,,,
80255,27,eray,,3270144,,I,血,06身體部位,,,,
80256,27,etay,,3270363,,I,濾酒渣網,09物品(不含食品),,,,
80257,27,evege,,3270724,,I,捆綁,26肢體動作,,,,
80257,27,evege,,3270718,,S,綁住,26肢體動作,,,,
80258,27,gacegace,PAN33892,3270698,,I,抓癢,26肢體動作,,,,
80258,27,gacegace,PAN33892,3270736,,S,搔癢,26肢體動作,,,,
80259,27,gacivalre,,3270759,,U,撬開,26肢體動作,,,,
80260,27,gaciyo,JPN19,3270242,,S,鵝,07動物(含昆蟲),,,,
80261,27,galrawgaw,,3270174,,I,手指,06身體部位,,,,
80262,27,galrolagola,,3270677,,B,爬行,25行動,,,,
80263,27,gamay,,3270137,,B,指甲,06身體部位,,,,
80264,27,garoco,PAN30820,3270364,,I,梳子,09物品(不含食品),,,,
80265,27,gelrabe,,3270895,,U,燃燒,30生活作息,,,,
80266,27,gelregelre,,3270754,,I,割,26肢體動作,,,,
80267,27,gemegeme,PAN30447,3270723,,I,握著,26肢體動作,,,,
80267,27,gemegeme,PAN30447,3270737,,U,握拳,26肢體動作,,,,
80268,27,giritimi,,3270330,,S,剪刀,09物品(不含食品),,,,
80268,27,giritimi,,3270771,,U,剪,26肢體動作,,,,
80269,27,golrogolro,,3270884,,S,剪(男性頭髮),30生活作息,,,,
80270,27,gomagomo,,3270765,,U,揉搓(衣物),26肢體動作,,,,
80271,27,goong,,3270196,,B,牛,07動物(含昆蟲),,,,
80272,27,habetare,,3270217,,S,田鼠,07動物(含昆蟲),,,,
80273,27,habohabowa,,3270607,,U,灰色,22顏色,,,,
80274,27,hamesere,,3270990,,U,酸臭,32特徵,,,,
80275,27,hasele,,3270562,,S,袖子,18織布服飾,,,,
80276,27,hilriyo,JPN22,3270511,,U,肥料,15農耕,,,,
80277,27,hiring,,3270987,,U,(傾)斜,32特徵,,,,
80278,27,hoso,JPN25,3270371,,S,水管,09物品(不含食品),,,,
80279,27,’icecelreng,PAN29943,3270602,,B,黑色,22顏色,,,,
80280,27,iday,,3270034,數,S,百,01數字計量,,,,
80281,27,idiri,,3270516,,I,矛,16狩獵,,,,
80282,27,idiya,PAN30364,3270785,,B,起立,26肢體動作,,,,
80283,27,’igisi,,3270820,,U,觸碰(如碰觸到身體),28認知感官,,,,
80284,27,ikidri,,3270153,,I,皮,06身體部位,,,,
80285,27,ila,,3270564,,U,頭揹帶(背籃用),18織布服飾,,,,
80286,27,’ilaka,,3270266,,U,樹枝,08植物,,,,
80287,27,ililing,,3270391,,S,山腳下,10山川地理,,,,
80288,27,iloko,,3270647,,I,帶,25行動,,,,
80289,27,ilrang,,3270871,,U,碾(米),30生活作息,,,,
80290,27,’ilri,,3270727,,I,挑選,26肢體動作,,,,
80291,27,imay,,3270561,,U,男用遮布；掛肩,18織布服飾,,,,
80292,27,ina,,3271091,,B,屬格標記(各族用語),36助詞或其他,,,,
80293,27,inamay,,3270324,,I,針,09物品(不含食品),,,,
80293,27,inamay,,3270544,,U,編網針,18織布服飾,,,,
80294,27,’incai,NAN11,3270285,,U,空心菜,08植物,,,,
80295,27,iniya,,3271077,,U,是嗎(語助詞),36助詞或其他,,,,
80296,27,iniyana,,3271078,,U,還(尚未),36助詞或其他,,,,
80297,27,ino,,3270072,,B,哪裡,03疑問詞,,,,
80298,27,’inolri,JPN28,3270831,,B,禱告,28認知感官,,,,
80299,27,’inpici,JPN16,3270314,,B,筆,09物品(不含食品),,,,
80300,27,’ising,,3270115,,B,醫生,05人物、身分,,,,
80301,27,’isiyo,,3270143,,U,頭髮,06身體部位,,,,
80302,27,’ito,PAN30723,3270007,數,B,七,01數字計量,,,,
80303,27,’iya,PAN30605,3270066,,I,多少,03疑問詞,,,,
80303,27,’iya,PAN30605,3270075,,B,多少(歲),03疑問詞,,,,
80305,27,’iyanga,,3270075,,B,多少(歲),03疑問詞,,,,
80306,27,ka,,3271089,,B,主格標記(各族用語),36助詞或其他,,,,
80307,27,ka’alonga,,3270356,,U,弧形(底)鍋,09物品(不含食品),,,,
80308,27,kaang,PAN28224,3270193,,B,魚,07動物(含昆蟲),,,,
80309,27,kabociaciaka,,3270466,,S,半夜,13時間,,,,
80310,27,kabociyaka,,3270490,,S,中間,14空間,,,,
80311,27,kac,PAN30494,3270790,,I,咬,27飲食,,,,
80312,27,kacingi,,3270541,,U,男用半片褲,18織布服飾,,,,
80313,27,kadadavaka,,3270968,,U,毒,32特徵,,,,
80314,27,kadalame,,3270833,,U,喜愛,29情緒思維,,,,
80315,27,kado,,3270883,,I,照顧,30生活作息,,,,
80316,27,kadray,,3270560,,I,男用背負網袋,18織布服飾,,,,
80317,27,kadroa,,3271050,,B,沒有,34其他,,,,
80318,27,kadrokalalekete,,3271053,,B,不可以,35否定詞,,,,
80319,27,kadrokiyatoma,,3271051,,I,沒關係,34其他,,,,
80320,27,kadrokiyomaw,,3271052,,B,不要,35否定詞,,,,
80321,27,kadromikai,,3271072,,U,不該,36助詞或其他,,,,
80322,27,kadromiyakaikai,,3271071,,U,從不,36助詞或其他,,,,
80323,27,kadrothingale,,3271057,,B,不知道,35否定詞,,,,
80324,27,kadrowa,,3271055,,B,沒有(表擁有的否定詞),35否定詞,,,,
80325,27,kadrowana malreme,,3270973,,U,未成熟的(果實),32特徵,,,,
80326,27,kaelrea,,3270380,,I,道路,10山川地理,,,,
80327,27,kai,,3271056,,B,不要(祈使句用),35否定詞,,,,
80328,27,ka’iliya,,3270300,,U,咬人貓,08植物,,,,
80329,27,kaingo,,3270084,,B,女性長輩(祖母；外婆),04親屬稱謂,,,,
80330,27,kaivai,,3270062,,B,這個,02代名詞、指示詞,,,,
80331,27,kaivaiyana,,3270458,,B,今天,13時間,,,,
80332,27,kaiyasa,,3270483,,B,現在,13時間,,,,
80332,27,kaiyasa,,3271059,,B,正在...,36助詞或其他,,,,
80333,27,kakerenga,,3270365,,S,肩帶(裝飾),09物品(不含食品),,,,
80334,27,kaki ’inga,,3270553,,U,傳統女上衣,18織布服飾,,,,
80335,27,kakoza,,3270621,,S,文化,24抽象名詞,,,,
80336,27,kaladraidraza,,3270410,,B,夏天,11自然景觀,,,,
80337,27,kalaea’a,,3270532,,S,播種祭,17宗教,,,,
80338,27,kalakecelra,,3270409,,B,冬天,11自然景觀,,,,
80339,27,kalakekecelra,,3270428,,B,秋天,11自然景觀,,,,
80340,27,kalalekete,,3271093,,B,可以(做某事),36助詞或其他,,,,
80340,27,kalalekete,,3271009,,U,能夠,33助動詞,,,,
80341,27,kalariyariga,,3270426,,B,春天,11自然景觀,,,,
80342,27,kalrivathale,,3270543,,S,女用頭飾,18織布服飾,,,,
80343,27,kameameala,,3270416,,I,旱田,11自然景觀,,,,
80344,27,kamoraw,,3270303,,S,柚子,08植物,,,,
80345,27,kanahoving,,3270395,,U,溫泉,10山川地理,,,,
80346,27,kane,,3270786,,B,吃,27飲食,,,,
80346,27,kane,,3270800,,B,吃(東西),27飲食,,,,
80347,27,kangkang,,3270502,,I,犁田,15農耕,,,,
80347,27,kangkang,,3270510,,S,開墾,15農耕,,,,
80348,27,karadare,,3270567,,I,女用揹網袋,19傳統文化與習俗,,,,
80349,27,karadrare,,3270379,,B,簍子,09物品(不含食品),,,,
80349,27,karadrare,,3270525,,I,中籃子,16狩獵,,,,
80350,27,karara,,3270200,,S,穿山甲,07動物(含昆蟲),,,,
80351,27,karidrang,,3270302,,U,樹豆,08植物,,,,
80352,27,karilay,,3270927,,U,瘦(身形),32特徵,,80520,,
80353,27,katha,,3271067,,S,只有,36助詞或其他,,,,
80353,27,katha,,3271086,,U,僅僅,36助詞或其他,,,,
80354,27,kawai,,3270064,,B,那裡,02代名詞、指示詞,,80374,,
80355,27,kawlai,,3270966,,U,久的,32特徵,,,,
80356,27,kawriva,,3270807,,B,說,28認知感官,,,,
80357,27,kece,JPN37,3270555,,U,鞋子,18織布服飾,,,,
80358,27,kela,,3270636,,B,來,25行動,,,,
80359,27,kelanga,,3270675,,B,來過,25行動,,,,
80360,27,kelraiya,,3270896,,U,懸掛(祈使),30生活作息,,,,
80361,27,kelray,,3270685,,S,掛,26肢體動作,,,,
80362,27,kensase,,3270120,,U,警察,05人物、身分,,,,
80363,27,ketekete,PAN30247,3270710,,I,切,26肢體動作,,,,
80364,27,ki,,3271090,,B,受格標記(各族用語),36助詞或其他,,,,
80364,27,ki,,3271056,,B,不要(祈使句用),35否定詞,,,,
80364,27,ki,,3270738,,S,摘取,26肢體動作,,,,
80364,27,ki,,3270744,,S,採收,26肢體動作,,,,
80365,27,kiadringai,,3271041,,S,找到,34其他,,,,
80366,27,ki’aete,,3270818,,I,相信,28認知感官,,,,
80367,27,ki’alang ki bazabaza,,3270923,,U,嫁給非本族群的族人,31生老病死傷,,,,
80368,27,kibay,,3270658,,S,向人家要(東西),25行動,,,,
80369,27,kicakowa,,3270856,,I,學習,30生活作息,,,,
80370,27,kidreseng,,3270656,,U,接(人),25行動,,,,
80371,27,kidring,,3270359,,S,湯匙,09物品(不含食品),,,,
80372,27,ki’elaela,,3270816,,I,詢問,28認知感官,,,,
80373,27,ki’ing,,3270536,,B,衣服,18織布服飾,,,,
80374,27,kikai,,3270063,,B,這裡,02代名詞、指示詞,,80354,,
80375,27,kilalava,,3270865,,S,等待,30生活作息,,,,
80376,27,kilangai,,3270630,,S,賣,25行動,,80434,,
80377,27,kilrala,PAN30925,3270822,,B,聽,28認知感官,,,,
80378,27,kilrong,,3270507,,I,鐮刀,15農耕,,,,
80379,27,kinaomasa,,3270139,,B,身體(人),06身體部位,,,,
80380,27,kiragay,,3270837,,I,高興,29情緒思維,,,,
80381,27,kisalro,,3270637,,I,借,25行動,,,,
80382,27,kisiya,JPN34,3270575,,U,火車,20交通,,,,
80383,27,kivaevang,,3270906,,B,玩耍,30生活作息,,,,
80384,27,kiyaboli,,3270974,,U,偷偷地,32特徵,,,,
80385,27,kiyadolro,,3270955,,I,累,32特徵,,,,
80386,27,kiyalrala,,3270612,,I,聽說,24抽象名詞,,,,
80387,27,kiyalralraw,,3270897,,S,模仿,30生活作息,,,,
80388,27,kiyalronglrong,,3271021,,I,被(搖)動的,34其他,,,,
80389,27,kiyangeange,,3270908,,S,好痛,31生老病死傷,,,,
80390,27,kiyaragay,,3270841,,I,快樂,29情緒思維,,,,
80391,27,kiyatoma,,3270074,,B,怎麼,03疑問詞,,,,
80392,27,kiyokai,JPN38,3270530,,S,教會,17宗教,,,,
80393,27,kiyolri,JPN40,3270282,,U,胡瓜；葫蘆形,08植物,,,,
80394,27,ko,,3271089,,B,主格標記(各族用語),36助詞或其他,,,,
80395,27,koco,PAN30459,3270219,,U,頭蝨,07動物(含昆蟲),,,,
80396,27,kodrolo,,3270037,數,S,一千,01數字計量,,,,
80397,27,koiga,PAN31635,3270078,,B,何時(已發生),03疑問詞,,,,
80398,27,kokoy,,3270249,,S,幼犬,07動物(含昆蟲),,,,
80399,27,kolaw,,3270609,,B,顏色,22顏色,,,,
80400,27,kolaza,,3271001,,U,細,32特徵,,80520,,
80401,27,kolini,,3270051,,B,他們,02代名詞、指示詞,,,,
80402,27,kolokolo,,3270188,,B,豬,07動物(含昆蟲),,,,
80403,27,kolroco,,3270306,,U,棉花,08植物,,,,
80404,27,komiya,,3270461,,U,前天,13時間,,,,
80405,27,komiyaiya,,3270468,,S,大前天,13時間,,,,
80406,27,konai,,3270050,,B,我們,02代名詞、指示詞,,,,
80406,27,konai,,3270058,,U,我們(排除式),02代名詞、指示詞,,,,
80407,27,konako,,3270047,,B,我,02代名詞、指示詞,,,,
80408,27,kono,,3270558,,U,裙子,18織布服飾,,,,
80409,27,konomi,,3270049,,B,你們,02代名詞、指示詞,,,,
80410,27,korisi,,3270308,,B,番石榴,08植物,,,,
80411,27,korokoro,,3270780,,I,(用手)挖掘,26肢體動作,,,,
80412,27,koso,,3270046,,B,你,02代名詞、指示詞,,,,
80413,27,kota,,3270059,,B,咱們(包含式),02代名詞、指示詞,,,,
80414,27,koto,,3270867,,I,曬乾(如將衣服曬乾),30生活作息,,,,
80415,27,kotrakilri,,3270859,,U,偷竊,30生活作息,,,,
80416,27,koza,PAN30015,3270456,,B,昨天,13時間,,,,
80417,27,kwac,,3270790,,I,咬,27飲食,,,,
80418,27,kwakwang,80420,3270690,,I,射擊,26肢體動作,,,,
80419,27,kwane,,3270786,,B,吃,27飲食,,,,
80419,27,kwane,,3270800,,B,吃(東西),27飲食,,,,
80420,27,kwang,,3270519,,U,槍,16狩獵,,,,
80421,27,kwani,,3270048,,B,他,02代名詞、指示詞,,,,
80421,27,kwani,,3270061,,B,那個,02代名詞、指示詞,,,,
80422,27,kwasa,,3271083,,I,剛才,36助詞或其他,,,,
80422,27,kwasa,,3271068,,S,剛剛,36助詞或其他,,,,
80423,27,kwatholra’ay,,3270793,,S,燙到,27飲食,,,,
80424,27,labiti,,3270559,,U,男用遮陰布,18織布服飾,,,,
80425,27,laceng,PAN30319,3270580,,I,青菜,21食物(非植物),,,,
80426,27,lalrlalr,,3270233,,U,蟬,07動物(含昆蟲),,,,
80427,27,lamani,,3271073,,I,所以,36助詞或其他,,,,
80428,27,lamasakacekele,80749,3270093,,S,夫妻,04親屬稱謂,,,,
80429,27,lamatakataka,80829,3270096,,B,兄弟姊妹,04親屬稱謂,,,,
80429,27,lamatakataka,80829,3270082,,S,堂、表兄弟姐妹,04親屬稱謂,,,,
80430,27,lamikai,,3271081,,S,如此,36助詞或其他,,,,
80431,27,lamiyaikai,,3270065,,S,(像)這樣,02代名詞、指示詞,,,,
80432,27,lamo,PAN33939,3270412,,U,露水,11自然景觀,,,,
80433,27,lamomo,,3270301,,U,山胡椒,08植物,,,,
80434,27,langai,,3270634,,I,買,25行動,,80376,,
80435,27,langoy,PAN30739,3270711,,I,游泳,26肢體動作,,,,
80436,27,la’o,,3270898,,I,飼養,30生活作息,,,,
80436,27,la’o,,3270917,,U,撫養,31生老病死傷,,,,
80437,27,laobo,,3270861,,I,燒(如燒稻草),30生活作息,,,,
80438,27,laong,,3270250,,S,(動物的)角,07動物(含昆蟲),,,,
80439,27,latadre,,3270448,,I,庭院,12建築,,,,
80439,27,latadre,PAN30320,3270491,,I,外面,14空間,,80021,,
80440,27,lawlaw,,3270585,,U,油,21食物(非植物),,,,
80441,27,ledra,,3270952,,U,明亮,32特徵,,,,
80442,27,le’ele’e,,3270286,,S,長豆,08植物,,,,
80442,27,le’ele’e,,3270588,,U,豆類,21食物(非植物),,,,
80443,27,lengelenge,,3270826,,S,瞄準,28認知感官,,,,
80444,27,leseme,,3270891,,S,燒(如燒獵物的毛),30生活作息,,,,
80445,27,liba,,3270509,,S,倉庫,15農耕,,,,
80446,27,libi,PAN30248,3270393,,U,岩洞,10山川地理,,,,
80446,27,libi,,3270397,,U,山洞,10山川地理,,,,
80447,27,ligaw,,3270368,,I,水瓢(舀水用),09物品(不含食品),,,,
80448,27,likace,PAN30316,3270415,,S,閃電,11自然景觀,,,,
80449,27,lika’e,,3270679,,B,拜訪,25行動,,,,
80450,27,lingaw,,3271027,,U,聲響,34其他,,,,
80451,27,lingo,,3270354,,S,鏡子,09物品(不含食品),,,,
80452,27,liyaw,,3270425,,I,水患,11自然景觀,,,,
80453,27,liyogonga,,3270430,,B,日落,11自然景觀,,,,
80454,27,lo,,3271010,,U,可能,33助動詞,,,,
80455,27,loasanenga,,3270469,,I,待會兒,13時間,,,,
80456,27,locayli,,3270454,,U,明年,13時間,,,,
80457,27,loceele,,3270678,,B,看起來,25行動,,,,
80458,27,loiga,,3270069,,U,何時(未發生),03疑問詞,,,,
80459,27,loigaiganenga,,3270474,,S,未來,13時間,,,,
80460,27,loiyasi,,3271079,,U,如果,36助詞或其他,,,,
80461,27,lolodro,,3270498,,I,經過,14空間,,,,
80462,27,lomase,,3270348,,U,袋子,09物品(不含食品),,,,
80463,27,lomiya,,3270472,,S,後天,13時間,,,,
80464,27,lomiyaiya,,3270470,,S,大後天,13時間,,,,
80465,27,long,PAN27068,3270339,,U,木臼,09物品(不含食品),,,,
80466,27,longkiyaw,,3270121,,S,平埔族,05人物、身分,,,,
80467,27,loo,,3270199,,B,貓頭鷹,07動物(含昆蟲),,,,
80468,27,loza,,3270457,,B,明天,13時間,,,,
80469,27,lraang,,3270443,,S,廁所,12建築,,,,
80470,27,lrabo,,3270521,,U,直形獵刀,16狩獵,,,,
80471,27,lrabwale,,3270641,,I,跑 (祈使),25行動,,,,
80472,27,lraceng,,3270962,,I,辣,32特徵,,,,
80473,27,lradrang,,3270706,,S,撞到,26肢體動作,,,,
80474,27,lrakedale,,3270753,,U,跨過,26肢體動作,,,,
80475,27,lrakoyli,,3270879,,S,釣魚,30生活作息,,,,
80475,27,lrakoyli,,3270347,,U,釣具,09物品(不含食品),,,,
80476,27,lralribeng,,3270449,,S,牆壁,12建築,,,,
80477,27,lramolo,,3270501,,U,鋤草,15農耕,,,,
80478,27,lrana,,3270382,,B,小溪,10山川地理,,,,
80479,27,lrangele,,3270331,,U,木炭,09物品(不含食品),,,,
80480,27,lraodro,PAN30206,3270497,,U,某物之下,14空間,,,,
80481,27,lrawnga,,3270434,,I,日出,11自然景觀,,,,
80482,27,lrawtiya,,3270128,,S,外省人,05人物、身分,,,,
80483,27,lrayli,,3270517,,S,箭矢,16狩獵,,,,
80484,27,lre’ang,,3270557,,U,毛線,18織布服飾,,,,
80485,27,lree,PAN30357,3270177,,I,脖子,06身體部位,,,,
80486,27,lreede,,3270791,,S,吞嚥,27飲食,,,,
80486,27,lreede,,3270792,,S,吞下,27飲食,,,,
80487,27,lre’eng,,3270043,,B,全部,01數字計量,,,,
80488,27,lrekelreke,,3270546,,I,苧麻,18織布服飾,,,,
80489,27,lrenege,,3270439,,I,石頭,12建築,,,,
80490,27,lribang,,3270436,,B,窗戶,12建築,,,,
80491,27,lridame,,3270172,,I,舌頭,06身體部位,,,,
80492,27,lriding,,3270539,,U,耳環,18織布服飾,,,,
80493,27,lri’esai,,3271017,,U,溢出(如水溢出來),34其他,,,,
80494,27,lri’ethela,,3270870,,U,收拾(祈使，如收拾東西),30生活作息,,,,
80495,27,lri’ethele,,3270842,,S,整理,30生活作息,,,,
80496,27,lrikolaw,PAN29912,3270207,,S,豹,07動物(含昆蟲),,,,
80497,27,lriloko,,3270296,,S,野草莓,08植物,,,,
80498,27,lrima,PAN30365,3270005,數,B,五,01數字計量,,,,
80499,27,lringaw,,3270134,,B,臉,06身體部位,,,,
80500,27,lrino,PAN27005,3270420,,I,地震,11自然景觀,,,,
80501,27,lrithabolo,,3270764,,S,亂翻,26肢體動作,,,,
80502,27,lritrong,,3271046,,U,圍著某物,34其他,,,,
80503,27,lriyoso,,3270750,,S,扭轉,26肢體動作,,,,
80504,27,lrokoco,,3270283,,S,山蘇,08植物,,,,
80505,27,lrolay,,3270110,,B,孩童,05人物、身分,,,,
80506,27,lrolay ka ababay,,3270108,,B,女孩,05人物、身分,,,,
80507,27,lrolay ka sawalay,,3270107,,B,男孩,05人物、身分,,,,
80508,27,lrolrong,,3270171,,I,喉嚨,06身體部位,,,,
80509,27,lwangai,,3270634,,I,買,25行動,,,,
80510,27,ma,,3271080,,U,很,36助詞或其他,,,,
80511,27,ma’alili,,3270971,,B,苦、鹹,32特徵,,,,
80511,27,ma’alili,,3270978,,U,鹹,32特徵,,,,
80512,27,mabalrebalre,,3270924,,B,痠痛,31生老病死傷,,,,
80513,27,mabanaw,PAN25215,2270205,,B,洗澡,,,,,
80514,27,mabangate,,3270033,數,B,九十,01數字計量,,,,
80515,27,mabeleng,,3270930,,B,高(身高),32特徵,,80560,,
80516,27,mabocoko,,3270795,,S,飽食,27飲食,,,,
80517,27,mabola,,3270950,,S,乾淨,32特徵,,,,
80518,27,mabosoko,PAN25768,3270941,,B,酒醉,32特徵,,,,
80519,27,maboti’i,,3270967,,S,瞎了,32特徵,,,,
80520,27,mabotolro,,3270953,,I,胖(身形),32特徵,,80352,,
80520,27,mabotolro,,3270999,,I,粗(物),32特徵,,80400,,
80521,27,maboy,,3270913,,S,懷孕,31生老病死傷,,,,
80522,27,maca,PAN30830,3270133,,B,眼睛,06身體部位,,,,
80523,27,macaeme,,3270925,,B,生病,31生老病死傷,,,,
80523,27,macaeme,,3270911,,U,痛,31生老病死傷,,,,
80524,27,macicava,PAN25884,3270942,,S,笑,32特徵,,,,
80525,27,madadameke,,3270776,,I,打架,26肢體動作,,,,
80526,27,madalame,,3270832,,B,喜歡,28認知感官,,,,
80527,27,madireseng,,3270996,,U,全濕透,32特徵,,,,
80528,27,madiretheng,,3270943,,S,濕的,32特徵,,80576,,
80529,27,madola,,3270909,,U,受傷,31生老病死傷,,,,
80530,27,madradradraw,,3270918,,S,生長,31生老病死傷,,,,
80531,27,madradreseng,,3270804,,S,遇到,28認知感官,,,,
80532,27,madralredre,,3270982,,U,暖和,32特徵,,,,
80533,27,madralremedreme,,3270431,,B,天黑,11自然景觀,,,,
80533,27,madralremedreme,,3270463,,S,黑暗,13時間,,,,
80534,27,madraw,,3270931,,B,大的,32特徵,,80908,,
80534,27,madraw,,3270994,,U,(空間)寬敞,32特徵,,,,
80535,27,madrikidrikisi,,3270777,,S,擠,26肢體動作,,,,
80536,27,madro,,3270267,,S,(植物的)果實,08植物,,,,
80537,27,maecebe,,3270042,,S,一雙,01數字計量,,,,
80538,27,maedrere,,3270983,,U,鈍的(指器物),32特徵,,,,
80539,27,maela,,3271054,,B,不是(回答用),35否定詞,,,,
80540,27,maelanenga,,3271048,,B,謝謝,34其他,,,,
80541,27,magaceacelre,,3270920,,U,癢,31生老病死傷,,,,
80542,27,magiligili,,3270697,,U,發抖,26肢體動作,,,,
80543,27,ma’ilay,,3270916,,U,跛腳,31生老病死傷,,,,
80544,27,maimai,,3270224,,U,鴨,07動物(含昆蟲),,,,
80545,27,ma’irase,,3270542,,U,破掉,18織布服飾,,,,
80546,27,ma’itolo,,3270031,數,B,七十,01數字計量,,,,
80547,27,makabeleng,,3270234,,S,百步蛇,07動物(含昆蟲),,,,
80548,27,makaelaela,,3270041,,S,種類；各式各樣,01數字計量,,,,
80548,27,makaelaela,,3270624,,S,各色各樣,24抽象名詞,,,,
80549,27,maka’elre,,3271085,,S,都,36助詞或其他,,,,
80550,27,makalra,,3270936,,B,多,32特徵,,80152,,
80551,27,makalrilaw,,3270551,,U,布匹,18織布服飾,,,,
80552,27,makatatodroy,,3270921,,I,打瞌睡,31生老病死傷,,,,
80553,27,makatokodrali,,3270478,,B,下午,13時間,,,,
80554,27,makazame,,3270797,,I,渴,27飲食,,,,
80555,27,makeceng,,3270989,,S,很硬,32特徵,,80575,,
80556,27,makede’alre,,3270985,,U,澀澀的(味覺),32特徵,,,,
80557,27,makedremelre,,3270945,,I,厚的,32特徵,,80603,,
80558,27,makilrong,,3270965,,U,彎曲,32特徵,,,,
80559,27,malangso,,3270882,,S,燒焦,30生活作息,,,,
80560,27,malebe,,3270932,,B,矮(身高),32特徵,,80515,,
80561,27,maledra,,3270471,,I,亮光,13時間,,,,
80562,27,maledraedra,,3270462,,U,清晨,13時間,,,,
80563,27,malimeme,,3270984,,U,甘甜,32特徵,,,,
80564,27,malisi,,3270838,,I,生氣,29情緒思維,,,,
80565,27,maliya’ay,,3270929,,B,輕(重量),32特徵,,80614,,
80566,27,malra,,3270687,,I,拿取,26肢體動作,,,,
80567,27,malralri,,3270998,,U,溫的(水),32特徵,,,,
80568,27,malranglrange,,3270949,,B,很懶惰,32特徵,,80599,,
80569,27,malreme,PAN27060,3271004,,B,成熟(果實),32特徵,,,,
80569,27,malreme,PAN27060,3270944,,S,熟(果實),32特徵,,,,
80570,27,malri,JPN43,3270311,,B,球,09物品(不含食品),,,,
80571,27,malrigili,,3270830,,B,會(做某事),28認知感官,,,,
80572,27,malrimale,,3270029,數,B,五十,01數字計量,,,,
80573,27,malrimalri,,3270686,,U,玩球,26肢體動作,,,,
80574,27,malriyo,,3270977,,S,酸,32特徵,,,,
80575,27,mamamelre,,3270988,,I,軟,32特徵,,80555,,
80576,27,mamealenga,,3270954,,I,乾的,32特徵,,80528,,
80577,27,manema,PAN30340,3270067,,B,什麼；做什麼,03疑問詞,,,,
80578,27,manemele,,3270030,數,B,六十,01數字計量,,,,
80579,27,manganga,,3271094,,U,傻瓜,36助詞或其他,,,,
80580,27,mangangerece,,3270938,,B,冰冷,32特徵,,,,
80581,27,mangeale,,3270010,數,B,十,01數字計量,,,,
80582,27,mangeale si bangate,,3270019,數,B,十九,01數字計量,,,,
80583,27,mangeale si drosa,,3270012,數,B,十二,01數字計量,,,,
80584,27,mangeale si eea,,3270011,數,B,十一,01數字計量,,,,
80585,27,mangeale si eneme,,3270016,數,B,十六,01數字計量,,,,
80586,27,mangeale si ’ito,,3270017,數,B,十七,01數字計量,,,,
80587,27,mangeale si lrima,,3270015,數,B,十五,01數字計量,,,,
80588,27,mangeale si so’ate,,3270014,數,B,十四,01數字計量,,,,
80589,27,mangeale si tolro,,3270013,數,B,十三,01數字計量,,,,
80590,27,mangeale si valro,,3270018,數,B,十八,01數字計量,,,,
80591,27,mangerece,,3270934,,B,冷,32特徵,,,,
80592,27,maong,,3270455,,B,晚上,13時間,,,,
80592,27,maong,,3270475,,S,夜,13時間,,,,
80593,27,ma’osale,PAN29963,3270020,數,B,二十,01數字計量,,,,
80594,27,ma’osale si drosa,,3270022,數,B,二十二,01數字計量,,,,
80595,27,ma’osale si eea,,3270021,數,B,二十一,01數字計量,,,,
80596,27,ma’osale si lrima,,3270025,數,B,二十五,01數字計量,,,,
80597,27,ma’osale si so’ate,,3270024,數,B,二十四,01數字計量,,,,
80598,27,ma’osale si tolro,,3270023,數,B,二十三,01數字計量,,,,
80599,27,marahemetre,,3270933,,B,勤勞,32特徵,,80568,,
80600,27,maramaramaw,,3270614,,I,相同,24抽象名詞,,,,
80601,27,maredrare,,3270951,,S,很快,32特徵,,,,
80602,27,marimoro,,3270808,,B,忘記(祈使),28認知感官,,,,
80603,27,marobili,,3270947,,I,薄的,32特徵,,80557,,
80604,27,marodrang,PAN30434,3270111,,B,老人家,05人物、身分,,,,
80605,27,masalasa,,3270606,,U,咖啡色,22顏色,,,,
80606,27,masalremeseme,,3270464,,S,傍晚,13時間,,,,
80607,27,masarovasivi,,3270986,,S,高瘦(身材),32特徵,,,,
80608,27,masasevesevere,,3270433,,B,刮颱風,11自然景觀,,,,
80609,27,masi’elreng,,3270854,,I,睏(想睡覺),30生活作息,,,,
80610,27,maso’atele,,3270028,數,B,四十,01數字計量,,,,
80611,27,maso’ilri,,3270958,,I,舊的,32特徵,,80136,,
80612,27,maswalisi,,3270858,,S,做惡夢,30生活作息,,,,
80613,27,maswaswabe,PAN28293,3270862,,U,打哈欠,30生活作息,,,,
80614,27,matelrege,,3270928,,B,重(重量),32特徵,,80565,,
80615,27,mathalralray,,3270839,,U,愛護,29情緒思維,,,,
80616,27,mathalray,,3270836,,S,疼愛,29情緒思維,,,,
80617,27,mathangelra,,3271000,,I,長,32特徵,,80242,,
80618,27,mathariri,,3270937,,B,漂亮,32特徵,,,,
80618,27,mathariri,,3271061,,U,好的(沒問題),36助詞或其他,,,,
80619,27,matholivate,,3270976,,S,輕快,32特徵,,,,
80620,27,mathorare,,3270970,,U,滑,32特徵,,,,
80621,27,matiyagawgaw,,3270338,,S,污垢,09物品(不含食品),,,,
80621,27,matiyagawgaw,,3270948,,U,髒,32特徵,,,,
80622,27,matiyakoro,,3270956,,U,好可憐,32特徵,,,,
80623,27,mato’ahe,,3270980,,U,稀爛的,32特徵,,,,
80624,27,matolrolo,,3270026,數,B,三十,01數字計量,,,,
80625,27,matolrolo si eea,,3270027,數,U,三十一,01數字計量,,,,
80626,27,mavalrolo,,3270032,數,B,八十,01數字計量,,,,
80627,27,mawdadaane,,3270095,,U,姻親,04親屬稱謂,,,,
80628,27,mawgaw,,3270432,,B,雨停,11自然景觀,,,,
80629,27,mawng,,3270298,,U,過貓,08植物,,,,
80630,27,mawvagay,,3270666,,S,分開,25行動,,,,
80631,27,megi,JPN46,3270288,,U,麥,08植物,,,,
80632,27,memeca,,3270809,,B,閉(眼睛),28認知感官,,80991,,
80633,27,mikaikai,,3271007,,U,應該,33助動詞,,,,
80634,27,miya,,3271082,,S,也,36助詞或其他,,,,
80635,27,miyakakwa,,3270068,,I,如何:怎麼樣,03疑問詞,,,,
80636,27,miyalrealre,,3270459,,B,早上,13時間,,,,
80636,27,miyalrealre,,3270473,,S,上午,13時間,,,,
80637,27,mobakolo,,3270781,,I,剝樹皮,26肢體動作,,,,
80638,27,mobere,,3270644,,I,逃跑,25行動,,,,
80639,27,mobiya,80164,3270892,,S,剝葉,30生活作息,,,,
80640,27,moca’ebe,,3270886,,U,掀開(如掀開蓋子),30生活作息,,,,
80641,27,modradraza,,3270655,,U,(往)上坡,25行動,,,,
80642,27,moelebe,,3270632,,B,打開,25行動,,,,
80643,27,mompi,,3270549,,U,褲子,18織布服飾,,,,
80644,27,mongico,,3270762,,S,剝皮,26肢體動作,,,,
80644,27,mongico,,3270769,,S,削(水果),26肢體動作,,,,
80645,27,moriangato,,3270694,,I,砍伐,26肢體動作,,,,
80646,27,morotokolro,,3270866,,S,陷獵(地洞),30生活作息,,,,
80647,27,mosakidri,,3271012,,I,擦拭,33助動詞,,,,
80648,27,motalivaivay,,3270670,,B,出現,25行動,,,,
80649,27,mowa,,3270631,,B,去,25行動,,,,
80650,27,mwabalrake,,3270964,,U,腫,32特徵,,,,
80651,27,mwabaysi,,3270799,,I,餓,27飲食,,,,
80652,27,mwabeleng,,3270699,,U,爬上(去),26肢體動作,,,,
80653,27,mwacingase,PAN25925,3270375,,S,卡在牙縫之物,09物品(不含食品),,,,
80654,27,mwadaane,,3270087,,S,女婿,04親屬稱謂,,,,
80654,27,mwadaane,,3270091,,S,媳婦,04親屬稱謂,,,,
80655,27,mwadring,,3270645,,I,進入,25行動,,,,
80656,27,mwadringadringai,,3271047,,U,好,34其他,,,,
80657,27,mwadringai,,3270969,,I,很好吃,32特徵,,,,
80658,27,mwakabalrobalrowa,,3270129,,B,女青年,05人物、身分,,,,
80659,27,mwakathabara,,3270125,,U,男青年,05人物、身分,,,,
80660,27,mwakolodro,,3270834,,S,害怕,29情緒思維,,,,
80661,27,mwalatadre,,3270680,,B,出去,25行動,,,,
80662,27,mwalringalringaw,,3270828,,B,想(思考),28認知感官,,,,
80663,27,mwalriyoso,,3271045,,U,旋轉,34其他,,,,
80664,27,mwanga,,3270848,,B,再見(如互道再見),30生活作息,,,,
80665,27,mwangatradre,,3271015,,S,裂開,34其他,,,,
80666,27,mwarairay,,3270691,,U,跌倒,26肢體動作,,,,
80667,27,mwathigai,,3270749,,S,倒(下),26肢體動作,,,,
80667,27,mwathigai,,3270705,,U,滾落,26肢體動作,,,,
80668,27,mwato’ava,,3270961,,I,壞掉,32特徵,,,,
80669,27,mwatokolro,,3271043,,U,(獵物掉入陷阱)陷中,34其他,,,,
80670,27,mwatrangili,,3271044,,U,撞擊某物,34其他,,,,
80671,27,mwatrerage,,3270654,,U,(植物的果實)掉落,25行動,,,,
80672,27,nadroma,,3271076,,U,偶爾,36助詞或其他,,,,
80673,27,nagane,PAN30393,3270106,,B,名字,05人物、身分,,,,
80674,27,naina,,3270081,,B,媽媽,04親屬稱謂,,,,
80674,27,naina,,3270105,,B,(伯母；嬸嬸；舅母)稱呼,04親屬稱謂,,,,
80675,27,nama,,3270080,,B,爸爸,04親屬稱謂,,,,
80675,27,nama,,3270104,,B,(伯父；叔叔；舅舅)稱呼,04親屬稱謂,,,,
80676,27,nana,PAN30290,3270926,,S,化膿,31生老病死傷,,,,
80677,27,nawana,,3271070,,U,暫時(離開一下),36助詞或其他,,,,
80678,27,nawmo,,3270083,,B,男性長輩(祖父；外公),04親屬稱謂,,,,
80679,27,ngalray,PAN32603,3270165,,I,痰,06身體部位,,,,
80680,27,ngalrotho,,3270160,,I,口水,06身體部位,,,,
80681,27,ngatradre,,3270389,,I,縫隙,10山川地理,,,,
80682,27,ngayngay,,3270122,,U,客家人,05人物、身分,,,,
80683,27,ngeta,,3270946,,S,未熟的(如這塊肉是生的),32特徵,,,,
80684,27,ngiyaw,,3270191,,B,貓,07動物(含昆蟲),,,,
80685,27,ngodoy,,3270135,,B,嘴巴,06身體部位,,,,
80686,27,ngodrangodro,,3270263,,U,玉米,08植物,,,,
80687,27,ngongoa,PAN30419,3270140,,B,鼻子,06身體部位,,,,
80688,27,niciyobi,JPN49,3270480,,B,星期日,13時間,,,,
80689,27,ningging,JPN52,3270284,,U,胡蘿蔔,08植物,,,,
80690,27,niyama,,3270633,,I,(叫人)過來,25行動,,,,
80691,27,obale,,3270186,,I,體毛,06身體部位,,,,
80692,27,obobola,,3270394,,U,草原,10山川地理,,,,
80693,27,obolo,,3270262,,S,雜草,08植物,,,,
80693,27,obolo,,3270271,,U,草,08植物,,,,
80694,27,odale,PAN27912,3270407,,B,雨,11自然景觀,,,,
80695,27,odaodale,80694,3270402,,B,下雨,11自然景觀,,,,
80696,27,’odra’ale,,3270752,,S,踩踏,26肢體動作,,,,
80696,27,’odra’ale,,3270760,,U,(用腳)踏,26肢體動作,,,,
80697,27,odrava,,3271063,,U,不論,36助詞或其他,,,,
80698,27,’odrolri,,3270878,,I,種植,30生活作息,,,,
80698,27,’odrolri,,3270504,,U,種苗(動作),15農耕,,,,
80699,27,’oko,,3270179,,S,關節,06身體部位,,,,
80699,27,’oko,,3270619,,S,力量/關節,24抽象名詞,,,,
80700,27,olawlay,,3270205,,S,蛇,07動物(含昆蟲),,,,
80701,27,’oli’oli,PAN29993,3270601,,B,白色,22顏色,,,,
80702,27,olralridring,,3270877,,I,蒸(如蒸飯),30生活作息,,,,
80703,27,olrawlra,,3270846,,B,浪費,30生活作息,,,,
80704,27,olrodro,,3270444,,I,柱子,12建築,,,,
80705,27,omase,,3270114,,B,人類,05人物、身分,,,,
80706,27,ongolo,,3270788,,S,喝,27飲食,,,,
80706,27,ongolo,,3270902,,S,喝(水),30生活作息,,,,
80707,27,’ongongodo,,3270401,,U,崇山峻嶺,10山川地理,,,,
80708,27,ono,PAN29962,3270146,,I,額頭,06身體部位,,,,
80709,27,onoang,,3270208,,S,水鹿,07動物(含昆蟲),,,,
80710,27,opo’opo,,3270198,,B,青蛙,07動物(含昆蟲),,,,
80711,27,’osakaelre,,3271018,,I,幫忙,34其他,,,,
80712,27,ota,PAN28681,3270789,,I,吐,27飲食,,,,
80713,27,’otaw,NAN10,3270350,,I,斧頭,09物品(不含食品),,,,
80714,27,ototho,,3270915,,S,放屁,31生老病死傷,,,,
80715,27,pingsiang,,3270369,,S,冰箱,09物品(不含食品),,,,
80716,27,pitaw,,3270508,,I,鋤頭,15農耕,,,,
80717,27,poloko,PAN30154,3270010,數,B,十,01數字計量,,,,
80718,27,rabi,,3270772,,I,砍除,26肢體動作,,,,
80719,27,raedre,,3270445,,S,石砌,12建築,,,,
80720,27,ragoso,,3270326,,U,枝條,09物品(不含食品),,,,
80721,27,ranakanga,,3270972,,U,脆弱(如竹竿、木材易斷裂),32特徵,,,,
80722,27,rarivo,,3270819,,S,謾罵,28認知感官,,,,
80723,27,rariyava,,3270238,,S,麻雀,07動物(含昆蟲),,,,
80724,27,ravare,,3270206,,I,飛鼠,07動物(含昆蟲),,,,
80725,27,ravathe,,3270526,,S,捕鳥陷阱,16狩獵,,,,
80726,27,redrene,,3270453,,I,後院,12建築,,,,
80727,27,redreredre,,3270344,,I,鋸子,09物品(不含食品),,,,
80728,27,retesa,,3270085,,S,親戚,04親屬稱謂,,,,
80729,27,ringiringi,,3270875,,U,炒(如炒花生),30生活作息,,,,
80730,27,robo,PAN29922,3270244,,S,鳥巢,07動物(含昆蟲),,,,
80731,27,roko,,3270903,,I,(用鋤具)挖掘,30生活作息,,,,
80732,27,romay,,3270341,,I,碗,09物品(不含食品),,,,
80733,27,ronono,,3270784,,B,蹲下,26肢體動作,,,,
80733,27,ronono,,3270684,,S,彎腰,26肢體動作,,,,
80733,27,ronono,,3270778,,U,低下頭,26肢體動作,,,,
80734,27,ro’osonga,,3270496,,U,角落,14空間,,,,
80735,27,rwabi,,3270772,,I,砍除,26肢體動作,,,,
80736,27,sa’a,,3270890,,U,鋪床,30生活作息,,,,
80737,27,sa’abelenga,,3270563,,S,上衣,18織布服飾,,,,
80738,27,saadre,,3270119,,U,流氓,05人物、身分,,,,
80739,27,sa’avaivaiya,,3270505,,U,穀物乾燥蓆,15農耕,,,,
80740,27,sababo,,3270316,,B,藥物,09物品(不含食品),,,,
80741,27,sabalri,,3270810,,I,聞(如聞味道),28認知感官,,,,
80742,27,sabiki,,3270264,,S,檳榔,08植物,,,,
80743,27,saboliboliya,,3270353,,S,梗,09物品(不含食品),,,,
80744,27,sabolo,,3270503,,I,播種,15農耕,,,,
80744,27,sabolo,,3270728,,S,散撒,26肢體動作,,,,
80745,27,sacaecaeba,,3270336,,I,蓋子,09物品(不含食品),,,,
80746,27,sadroko,,3271024,,S,倒入,34其他,,,,
80746,27,sadroko,,3270659,,U,倒(水),25行動,,,,
80747,27,saitaw,NAN19,3270589,,U,白蘿蔔,21食物(非植物),80198,,,
80748,27,saito,,3270376,,U,菜刀,09物品(不含食品),,,,
80749,27,sakacekele,,3270086,,S,配偶,04親屬稱謂,,,,
80749,27,sakacekele,,3270094,,U,丈夫/妻子,04親屬稱謂,,,,
80750,27,sakaci’kaci’a,,3270351,,S,夾子,09物品(不含食品),,,,
80751,27,sakada,,3270089,,S,弟媳,04親屬稱謂,,,,
80751,27,sakada,,3270090,,S,嫂嫂,04親屬稱謂,,,,
80751,27,sakada,,3270088,,U,舅子,04親屬稱謂,,,,
80752,27,sakakereng,,3270323,,I,繩索,09物品(不含食品),,,,
80753,27,sakelrakelraidha,,3270321,,I,鉤子,09物品(不含食品),,,,
80754,27,salabisi,,3270212,,S,蜻蜓,07動物(含昆蟲),,,,
80755,27,salavavalakeana,,3270476,,S,年輕時,13時間,,,,
80756,27,saleleba,,3270437,,B,大門/門口,12建築,,,,
80757,27,salesese,,3270608,,S,綠色,22顏色,,,,
80758,27,salrakoykoyla,,3270333,,S,釣竿,09物品(不含食品),,,,
80759,27,salreng,,3270885,,I,浸泡,30生活作息,,,,
80760,27,salri,,3270732,,S,搬運,26肢體動作,,,,
80761,27,samosakisakidra,,3270378,,B,橡皮擦,09物品(不含食品),,,,
80762,27,sangirakelrana,,3270552,,U,妝扮飾物,18織布服飾,,,,
80763,27,sapingping,,3270040,,S,一串(香蕉),01數字計量,,,,
80764,27,sapoho,,3270294,,S,幼苗,08植物,,,,
80765,27,sara,JPN55,3270360,,S,菜盤,09物品(不含食品),,,,
80766,27,sarakaiya,,3270626,,U,用途,24抽象名詞,,,,
80767,27,sarakaiya tobase,,3270367,,S,湯鍋,09物品(不含食品),,,,
80768,27,sasalreme,,3270295,,S,種子,08植物,,,,
80769,27,sasekaya,,3270447,,S,樓梯,12建築,,,,
80770,27,sasereseredra,,3270337,,S,(竹製的)刮麻具,09物品(不含食品),,,,
80771,27,sasereseresera,80782,3270349,,S,鍋鏟,09物品(不含食品),,,,
80772,27,sasevera,,3270383,,I,風,10山川地理,,,,
80772,27,sasevera,,3270422,,U,颱風,11自然景觀,,,,
80773,27,sasing,JPN61,3270361,,U,相片,09物品(不含食品),,,,
80774,27,satedre,,3270643,,I,送(客人),25行動,,,,
80775,27,satomatoma,,3270355,,S,工具,09物品(不含食品),,,,
80776,27,satomo,,3270170,,S,拇指,06身體部位,,,,
80777,27,savigiviga,,3270366,,S,扇子,09物品(不含食品),,,,
80778,27,savono,FRA11,3270362,,I,肥皂,09物品(不含食品),,,,
80779,27,sawalay,PAN28052,3270113,,B,男性,05人物、身分,,80003,,
80779,27,sawalay,,3270215,,U,雄性動物生殖器官,07動物(含昆蟲),,,,
80779,27,sawalay,,3270222,,U,雄性(動物),07動物(含昆蟲),,,,
80780,27,senay,,3270905,,B,唱歌,30生活作息,,,,
80780,27,senay,,3270611,,I,歌,23聲音,,,,
80781,27,seredre,,3270566,,U,刮苧麻,18織布服飾,,,,
80782,27,seresere,,3270899,,I,炒(飯菜),30生活作息,,,,
80783,27,si,PAN32371,3270669,,B,戴(如戴帽子),25行動,,,,
80783,27,si,,3271075,,B,和,36助詞或其他,,,,
80784,27,si ki ’ing,,3270668,,B,穿(如穿衣服),25行動,,,,
80785,27,si soko,,3270667,,B,攜帶(如帶傘),25行動,,,,
80786,27,sicawbo,,3270873,,I,蓋被子,30生活作息,,,,
80787,27,sidosiya,JPN31,3270574,,U,車子,20交通,,,,
80788,27,sigo,,3270245,,U,虎頭蜂,07動物(含昆蟲),,,,
80789,27,si’i,PAN28254,3270528,,I,夢,17宗教,,,,
80790,27,sikaino,,3271049,,I,不客氣,34其他,,,,
80791,27,sila’e,,3271031,,I,尋找,34其他,,,,
80792,27,sila’etangilisiya,,3271039,,U,找碴,34其他,,,,
80793,27,silribo,,3270775,,U,搗,26肢體動作,,,,
80794,27,sima,PAN28241,3270167,,U,油脂,06身體部位,,,,
80795,27,sinaw,PAN28202,3270843,,B,洗(衣物),30生活作息,,,,
80796,27,singsi,JPN58,3270116,,B,老師,05人物、身分,,,,
80797,27,sinposang,JPN62,3270126,,U,神父,05人物、身分,,,,
80798,27,sirosiroko,,3270223,,S,乳豬,07動物(含昆蟲),,,,
80799,27,sititi,,3270767,,S,鞭打,26肢體動作,,,,
80800,27,siyaete,,3271005,,B,滿滿,32特徵,,,,
80801,27,siyaetenga,,3270992,,U,滿了,32特徵,,,,
80802,27,siyaling,JPN63,3270572,,U,輪胎,20交通,,,,
80803,27,siyawcang,ZHO14,3270123,,I,校長,05人物、身分,,,,
80804,27,siyeni,ZHO17,3270127,,S,修女,05人物、身分,,,,
80805,27,so’ate,PAN28187,3270004,數,B,四,01數字計量,,,,
80806,27,sobelebeleng,,3270405,,B,天空,11自然景觀,,,,
80807,27,sodaliki,,3270766,,U,靠著,26肢體動作,,,,
80808,27,sodang,,3270329,,U,船隻,09物品(不含食品),,,,
80808,27,sodang,,3270573,,U,船,20交通,,,,
80809,27,soko,,3270318,,B,雨傘,09物品(不含食品),,,,
80810,27,sonate,,3270345,,S,紙張,09物品(不含食品),,,,
80811,27,soromon,,3270876,,U,以籠捕魚蝦,30生活作息,,,,
80812,27,sovi,,3270798,,U,啃,27飲食,,,,
80813,27,swabe,,3270247,,S,眼鏡蛇,07動物(含昆蟲),,,,
80814,27,swadralro,,3271023,,U,依賴,34其他,,,,
80815,27,swadrekelre,,3270794,,S,噎到,27飲食,,,,
80816,27,swasolra’e,,3270811,,U,觸摸(物品),28認知感官,,,,
80817,27,swaswa’e,PAN31220,3270855,,S,打掃,30生活作息,,,,
80818,27,tabolrolo,,3270282,,U,胡瓜；葫蘆形,08植物,,,,
80819,27,tacekecekela,,3270627,,S,婚姻,24抽象名詞,,,,
80820,27,ta’elenga,,3270534,,U,法器(巫醫治病用),17宗教,,,,
80821,27,taene,PAN28394,3270523,,U,石壓式陷阱,16狩獵,,,,
80822,27,taetalre,,3270796,,U,咀嚼,27飲食,,,,
80823,27,tagaga,,3270248,,S,烏鴉,07動物(含昆蟲),,,,
80824,27,tagera,,3270154,,I,胸腔,06身體部位,,,,
80825,27,taicobonga,,3270620,,U,目標,24抽象名詞,,,,
80826,27,taihing,,3270118,,U,長官,05人物、身分,,,,
80827,27,taikaikaiya,,3270352,,I,床舖,09物品(不含食品),,,,
80828,27,taingea ka lregelrege,,3270400,,U,獨立的小山頭,10山川地理,,,,
80829,27,taka,PAN31601,3270098,,U,(哥哥；姊姊)通稱,04親屬稱謂,,,,
80830,27,taka ka ababay,,3270099,,B,姊姊,04親屬稱謂,,,,
80831,27,taka ka sawalay,,3270100,,B,哥哥,04親屬稱謂,,,,
80832,27,takainene,,3270671,,B,坐著,25行動,,,,
80833,27,takalra,,3270975,,I,(人)眾多,32特徵,,,,
80834,27,takataka,,3270097,,U,兄長（姊）,04親屬稱謂,,,,
80835,27,takesi,,3270901,,B,讀書,30生活作息,,,,
80836,27,takesikesi,80835,3270130,,B,學生,05人物、身分,,,,
80837,27,takili,,3270334,,U,竹筒,09物品(不含食品),,,,
80838,27,takilili,,3270722,,I,提著,26肢體動作,,,,
80839,27,takiraragay,,3271011,,I,慶祝,33助動詞,,,,
80840,27,takithi,,3270328,,U,小刀,09物品(不含食品),,,,
80841,27,takitolalaka,,3270484,,B,生日,13時間,,,,
80842,27,takiyang,,3270278,,U,蕃茄,08植物,,,,
80843,27,takonga,,3270240,,U,老鷹,07動物(含昆蟲),,,,
80844,27,takosiyolri,,3270649,,U,折返,25行動,,,,
80845,27,talangaza,,3270625,,S,價格,24抽象名詞,,,,
80846,27,taleke,,3270592,,I,粥,21食物(非植物),,,,
80847,27,talicobong,,3270488,,I,前面,14空間,,,,
80848,27,talodro,,3270441,,I,橋樑,12建築,,,,
80849,27,talragi,,3270109,,B,朋友,05人物、身分,,,,
80850,27,talrebalre,,3270657,,S,越溪而過,25行動,,,,
80851,27,talrelrea,,3270182,,U,頸子；領子,06身體部位,,,,
80852,27,talrenge,,3270277,,S,木耳,08植物,,,,
80853,27,talrobalre,,3270741,,S,涉水而過,26肢體動作,,,,
80854,27,talro’ono,,3270535,,B,帽子,18織布服飾,,,,
80855,27,tamako,JPN64,3270304,,S,菸草/香菸,08植物,,,,
80856,27,tamaring,,3270269,,U,香菇,08植物,,,,
80857,27,tangadra,,3270276,,U,樹頭,08植物,,,,
80858,27,tanga’enga’e,,3270239,,U,鍬形蟲,07動物(含昆蟲),,,,
80859,27,tangea,,3270613,,U,獨自一人,24抽象名詞,,,,
80860,27,tangerava,,3270289,,S,蔥,08植物,,,,
80861,27,taraminiya,,3271008,,U,一定,33助動詞,,,,
80862,27,taramonage,,3270261,,S,南瓜,08植物,,,,
80863,27,tarasorodro,,3270228,,I,蝦,07動物(含昆蟲),,,,
80864,27,tariyaw,,3270406,,B,星星,11自然景觀,,,,
80865,27,tarokoko,,3270194,,B,雞,07動物(含昆蟲),,,,
80866,27,tasekeseketa,,3270450,,S,穀倉,12建築,,,,
80867,27,tasialronaina,,3270173,,I,腰部,06身體部位,,,,
80868,27,tasiya,,3270183,,U,腋窩,06身體部位,,,,
80869,27,tatakesikesiya,80835,3270438,,B,學校,12建築,,,,
80870,27,tatarokoka,80865,3270446,,U,雞寮,12建築,,,,
80871,27,tathaino,,3270076,,B,多少(程度大小),03疑問詞,,,,
80872,27,tavangolo,,3270305,,I,辣椒(通稱),08植物,,,,
80873,27,tavasi,,3271022,,U,刷除,34其他,,,,
80874,27,tavathiyang,,3270287,,S,綠豆,08植物,,,,
80875,27,tawana,PAN30004,3270442,,S,工寮,12建築,,,,
80876,27,tawcai,NAN16,3270290,,U,豆芽,08植物,,,,
80877,27,tawiyo,NAN13,3270597,,U,醬油,21食物(非植物),,,,
80878,27,taw’ong,,3270189,,B,狗,07動物(含昆蟲),,,,
80879,27,tawtho,,3270187,,I,尾巴,07動物(含昆蟲),,,,
80880,27,tay,PAN29941,3270255,,I,芋頭,08植物,,,,
80881,27,teke’e,,3271025,,S,阻擋,34其他,,,,
80881,27,teke’e,,3271033,,S,禁止,34其他,,,,
80882,27,teketeke,,3270774,,S,剁,26肢體動作,,,,
80883,27,tenaenaele,,3270381,,B,山林,10山川地理,,,,
80884,27,thalaza,,3270663,,I,追,25行動,,,,
80885,27,thalrakwala,,3270857,,I,躺臥,30生活作息,,,,
80886,27,thalretale,,3270299,,U,山櫻花,08植物,,,,
80887,27,thalriyadring,,3270226,,S,內臟,07動物(含昆蟲),,,,
80888,27,thangocongoco,,3270175,,U,門牙,06身體部位,,,,
80889,27,tharatakanga,,3270700,,I,躺,26肢體動作,,,,
80890,27,thathaino,,3270076,,B,多少(程度大小),03疑問詞,,,,
80891,27,theere,,3270755,,S,掐住,26肢體動作,,,,
80892,27,the’ethe’e,PAN30389,3270787,,S,吸,27飲食,,,,
80893,27,thelrece,,3270524,,U,套頸式繩索陷阱,16狩獵,,,,
80894,27,thethere,,3270730,,U,插,26肢體動作,,,,
80895,27,thibolay,,3270681,,I,跳躍,26肢體動作,,,,
80896,27,thili,,3270492,,I,旁邊,14空間,,,,
80897,27,thimakolo,,3270246,,S,跳蚤,07動物(含昆蟲),,,,
80898,27,thingale,,3270805,,B,知道,28認知感官,,,,
80899,27,thirolo,,3270849,,U,小便,30生活作息,,,,
80900,27,thiyabe,,3270714,,S,砍,26肢體動作,,,,
80901,27,thiyageng,,3270281,,I,姑婆芋,08植物,,,,
80902,27,tholake,,3270960,,U,燙,32特徵,,,,
80903,27,tholidri,,3270665,,S,滑掉,25行動,,,,
80904,27,thotho,PAN30453,3270148,,U,乳房,06身體部位,,,,
80905,27,ti’aw,,3270346,,S,杯子,09物品(不含食品),,,,
80906,27,tigarawgaw,,3270214,,S,蜘蛛,07動物(含昆蟲),,,,
80907,27,ti’isi,,3270692,,S,踢,26肢體動作,,,,
80908,27,tikiya,,3270935,,B,小的,32特徵,,80534,,
80909,27,tilribi,JPN70,3270370,,U,電視,09物品(不含食品),,,,
80910,27,timidri,PAN28495,3270151,,I,下巴,06身體部位,,,,
80911,27,timo,PAN30352,3270582,,I,鹽,21食物(非植物),,,,
80912,27,tina,,3270231,,S,雌性(動物),07動物(含昆蟲),,,,
80913,27,tingnaw,,3270317,,B,電腦,09物品(不含食品),,,,
80914,27,tinono,,3270537,,S,編織,18織布服飾,,,,
80915,27,tisiaba,JPN67,3270571,,S,車站,20交通,,,,
80916,27,tiyanese,,3270259,,I,柑橘,08植物,,,,
80917,27,toa ’a lra ’alra na lregelrege,,3270653,,S,沿著山巒,25行動,,,,
80918,27,toalre’eng,,3271038,,I,完成,34其他,,,,
80919,27,tobalre,,3270817,,I,答應,28認知感官,,,,
80919,27,tobalre,PAN25053,3270821,,S,回應,28認知感官,,,,
80920,27,tobekela,,3271069,,U,少許/減量,36助詞或其他,,,,
80921,27,tobi,,3270835,,S,哭,29情緒思維,,,,
80922,27,tobong,,3270748,,S,打碎,26肢體動作,,,,
80923,27,tocalrisi,,3270770,,I,捻線,26肢體動作,,,,
80924,27,todro,,3270424,,S,水滴,11自然景觀,,,,
80925,27,to’i,,3270538,,U,肚兜,18織布服飾,,,,
80926,27,toki,JPN73,3270319,,B,手錶,09物品(不含食品),,,,
80926,27,toki,JPN73,3270479,,B,幾點?,13時間,,,,
80926,27,toki,JPN73,3270320,,U,鐘錶,09物品(不含食品),,,,
80927,27,tokodrali,,3270802,,B,吃午餐,27飲食,,,,
80928,27,tokwaobo,,3270803,,B,吃晚餐,27飲食,,,,
80929,27,tololay,,3270661,,U,(藤類植物)攀爬,25行動,,,,
80930,27,tolravai,,3270844,,B,工作,30生活作息,,,,
80931,27,tolriki,,3270197,,B,老鼠(統稱),07動物(含昆蟲),,,,
80932,27,tolro,PAN30753,3270003,數,B,三,01數字計量,,,,
80933,27,tomatoma,,3270067,,B,什麼；做什麼,03疑問詞,,,,
80934,27,tomawmase,,3270782,,B,畫圖,26肢體動作,,,,
80935,27,too,,3270312,,B,桌子,09物品(不含食品),,,,
80936,27,to’oto’o,,3270729,,S,啄,26肢體動作,,,,
80937,27,toro,,3270204,,I,烏龜,07動物(含昆蟲),,,,
80938,27,torokodro,,3270801,,B,吃早餐,27飲食,,,,
80939,27,tothadalrane,,3270482,,B,天天,13時間,,,,
80939,27,tothadalrane,,3271074,,S,經常,36助詞或其他,,,,
80940,27,tothoro,,3270202,,S,野鴿子,07動物(含昆蟲),,,,
80941,27,totolrong,,3270334,,U,竹筒,09物品(不含食品),,,,
80942,27,tototo,,3270815,,U,叫喚(如餵雞前會叫喚),28認知感官,,,,
80943,27,totowa,,3270149,,U,小腿肚,06身體部位,,,,
80944,27,trahetrahe,,3270889,,S,鎖上,30生活作息,,,,
80945,27,trekabe,,3270720,,S,劈(木材),26肢體動作,,,,
80946,27,tribi,,3270717,,S,剖切,26肢體動作,,,,
80947,27,trobo,,3270268,,I,竹筍,08植物,,,,
80948,27,twabolro,,3270195,,B,猴子,07動物(含昆蟲),,,,
80949,27,twadridringai,,3270993,,U,好好的,32特徵,,,,
80950,27,twaeraeray,,3270912,,I,流血,31生老病死傷,,,,
80951,27,twairo’a,,3270860,,I,煮(菜),30生活作息,,,,
80952,27,twakainene,,3270683,,B,坐下,26肢體動作,,,,
80953,27,twalai,,3270500,,S,從某處,14空間,,,,
80954,27,twalrana,,3270396,,U,峽谷,10山川地理,,,,
80955,27,twalrisiya,PAN27271,3270527,,I,禁忌,17宗教,,,,
80956,27,twami,NAN22,3270596,,I,麵,21食物(非植物),,,,
80957,27,twane,,3270554,,S,傳統女裙,18織布服飾,,,,
80958,27,twaongosolo,,3270493,,S,頂,14空間,,,,
80959,27,twa’oy,,3270880,,S,生火,30生活作息,,,,
80960,27,twkiso,JPN76,3270291,,U,百香果,08植物,,,,
80961,27,vaedre,,3270272,,U,藤類,08植物,,,,
80962,27,vaga,PAN29830,3270618,,I,語言,24抽象名詞,,,,
80963,27,vagisi,,3270132,,B,大腿,06身體部位,,,,
80964,27,vaiya,,3270460,,I,白天,13時間,,,,
80965,27,vaiyana,,3270616,,I,日子,24抽象名詞,,,,
80966,27,vakisi,,3270332,,S,水桶,09物品(不含食品),,,,
80967,27,valisi,PAN29927,3270142,,U,牙齒,06身體部位,,,,
80968,27,valo,PAN29928,3270221,,I,蜜蜂,07動物(含昆蟲),,,,
80968,27,valo,PAN29928,3270594,,S,糖,21食物(非植物),,,,
80968,27,valo,PAN29928,3270583,,U,蜜,21食物(非植物),,,,
80969,27,valray,PAN30076,3270322,,U,細線,09物品(不含食品),,,,
80969,27,valray,,3270565,,U,織布用的細線,18織布服飾,,,,
80970,27,valray ka lrekelreke,,3270550,,U,苧麻線,18織布服飾,,,,
80971,27,valro,PAN28735,3270008,數,B,八,01數字計量,,,,
80972,27,vanale,PAN31383,3270494,,I,右邊,14空間,,80981,,
80973,27,vaoa,,3270868,,U,以杓汲水(祈使),30生活作息,,,,
80974,27,vay,PAN28745,3270403,,B,太陽,11自然景觀,,,,
80975,27,velevele,,3270695,,S,搖動,26肢體動作,,,,
80975,27,velevele,,3270746,,S,(搖)動,26肢體動作,,,,
80975,27,velevele,,3270739,,U,晃動,26肢體動作,,,,
80976,27,vetay,,3270327,,U,篩子,09物品(不含食品),,,,
80976,27,vetay,,3270512,,U,篩穀用具,15農耕,,,,
80977,27,vice’ele,,3270540,,U,頸鍊,18織布服飾,,,,
80978,27,vigowa,,3270168,,S,肋骨,06身體部位,,,,
80979,27,vinwade,,3270274,,U,李子,08植物,,,,
80980,27,vinwade obawbala,,3270273,,S,桃子,08植物,,,,
80981,27,viri,PAN28770,3270495,,U,左邊,14空間,,80972,,
80982,27,wa’agoco,,3270733,,S,拔出,26肢體動作,,,,
80983,27,wa’ana,,3270522,,I,獵物(統稱),16狩獵,,,,
80984,27,wabalay,,3270712,,I,藏起來,26肢體動作,,,,
80985,27,wabay,,3270652,,U,贈送(禮物),25行動,,,,
80986,27,wacabo,,3270743,,I,打包,26肢體動作,,,,
80987,27,wacamacama,,3270716,,I,分(東西),26肢體動作,,,,
80988,27,wadreme,,3270745,,S,(將器具)磨利,26肢體動作,,,,
80989,27,wa’ece,,3270850,,B,睡覺,30生活作息,,,,
80990,27,waga,,3270864,,U,烹煮(飯／肉／地瓜),30生活作息,,,,
80991,27,walikaikace,,3270825,,S,睜眼,28認知感官,,80632,,
80992,27,walomo,,3270757,,I,餵食,26肢體動作,,,,
80993,27,walra,,3270758,,I,捕抓,26肢體動作,,,,
80993,27,walra,,3270713,,S,抓(如抓到動物),26肢體動作,,,,
80994,27,walradre,PAN27564,3270452,,U,搭建圍籬,12建築,,,,
80995,27,walralra,,3270747,,U,追捕,26肢體動作,,,,
80996,27,wangeange,,3270911,,U,痛,31生老病死傷,,,,
80997,27,waobo,,3270451,,S,蓋屋頂,12建築,,,,
80998,27,waodo,,3270715,,I,揹負(物品),26肢體動作,,,,
80999,27,waodriodri’i,PAN27850,3270914,,S,活的,31生老病死傷,,80011,,
81000,27,wa’ong,,3271084,,S,整天,36助詞或其他,,,,
81001,27,waroko,,3270709,,S,挖掘,26肢體動作,,,,
81002,27,wasang,,3270939,,U,悶熱,32特徵,,,,
81003,27,watokotoko,,3270702,,S,敲碎,26肢體動作,,,,
81004,27,yadrengere,,3270845,,B,停止,30生活作息,,,,
81005,27,yaidi,,3270672,,B,站著,25行動,,,,
81006,27,yaini,,3270057,,B,他的,02代名詞、指示詞,,,,
81007,27,yakai,,3271034,,B,有,34其他,,,,
81007,27,yakai,,3271088,,B,嗎(用在問句),36助詞或其他,,,,
81007,27,yakai,,3271092,,B,在(這裡),36助詞或其他,,,,
81008,27,yakai talidroma,,3270486,,I,在某處,14空間,,,,
81009,27,yakaikai,,3270904,,I,(居)住,30生活作息,,,,
81010,27,yaki anea,,3270073,,U,是誰的,03疑問詞,,,,
81011,27,yali,,3270056,,B,我的,02代名詞、指示詞,,,,
81012,27,yalini,,3270054,,B,他們的,02代名詞、指示詞,,,,
81013,27,yalrana,,3271066,,I,再(取/拿),36助詞或其他,,,,
81014,27,yanai,,3270053,,B,我們的,02代名詞、指示詞,,,,
81015,27,yanomi,,3270052,,B,你們的,02代名詞、指示詞,,,,
81016,27,yasadra,,3270853,,U,休息,30生活作息,,,,
81017,27,yasasa,,3270467,,I,當時(下),13時間,,,,
81018,27,yaso,,3270055,,B,你的,02代名詞、指示詞,,,,
81019,27,yata,,3270060,,B,咱們的,02代名詞、指示詞,,,,
81020,27,zipizipi,,3270506,,U,犁,15農耕,,,,
81021,27,zoo,JPN82,3270229,,S,大象,07動物(含昆蟲),,,,
